Energy(cm-1),Energy(nm),Abs
28571.428571428572,350.0,5.79921531904e-06
28588.31168831169,349.7933039567528,6.44185271532e-06
28605.194805194806,349.58685190229727,7.15389063549e-06
28622.077922077922,349.3806434048732,7.94261937397e-06
28638.96103896104,349.1746780337384,8.81607251101e-06
28655.844155844155,348.9689553591661,9.78310027164e-06
28672.727272727272,348.76347495244136,1.08534498709e-05
28689.610389610392,348.55823638585844,1.20378534849e-05
28706.49350649351,348.353239232718,1.3348124543e-05 
28723.376623376626,348.14848306732375,1.47972630975e-05
28740.259740259742,347.94396746497966,1.63995710917e-05
28757.14285714286,347.73969200198707,1.81707784205e-05
28774.025974025975,347.5356562556418,2.01281807519e-05
28790.909090909092,347.3318598042311,2.22907901619e-05
28807.79220779221,347.12830222703093,2.46794997277e-05
28824.675324675325,346.9249831043028,2.73172633159e-05
28841.55844155844,346.7219020172911,3.02292919129e-05
28858.44155844156,346.51905854822013,3.34432679548e-05
28875.324675324675,346.31645228029146,3.69895792372e-05
28892.20779220779,346.11408279768057,4.0901574119e-05 
28909.09090909091,345.9119496855346,4.52158398731e-05
28925.97402597403,345.710052529969,4.99725061967e-05
28942.857142857145,345.5083909180651,5.52155760523e-05
28959.74025974026,345.3069644378671,6.09932861967e-05
28976.623376623378,345.1057726783793,6.73584999412e-05
28993.506493506495,344.90481522956327,7.43691348989e-05
29010.38961038961,344.70409168233505,8.20886286944e-05
29027.272727272728,344.5036016285625,9.05864458535e-05
29044.155844155845,344.3033446610624,9.99386293487e-05
29061.03896103896,344.1033203735979,0.000110228400553
29077.922077922078,343.9035283608754,0.000121546811656
29094.805194805194,343.7039682185422,0.000133993454914
29111.68831168831,343.50463954318343,0.000147677233453
29128.57142857143,343.3055419323197,0.00016271719871
29145.454545454548,343.1066749844042,0.000179243460014
29162.337662337664,342.90803829881986,0.000197398172192
29179.22077922078,342.7096314758768,0.000217336607595
29196.103896103898,342.5114541168097,0.000239228319401
29212.987012987014,342.3135058237752,0.000263258403565
29229.87012987013,342.1157861998489,0.000289628867392
29246.753246753247,341.9182948490231,0.000318560113268
29263.636363636364,341.72103137620377,0.000350292546749
29280.51948051948,341.5239953872084,0.000385088318921
29297.402597402597,341.3271864887628,0.000423233213624
29314.285714285714,341.13060428849906,0.000465038691
29331.168831168834,340.93424839495236,0.000510844099606
29348.05194805195,340.73811841755906,0.00056101907027
29364.935064935067,340.5422139666534,0.000615966105822
29381.818181818184,340.3465346534653,0.000676123381866
29398.7012987013,340.15108009011794,0.000741967774859
29415.584415584417,339.9558498896247,0.000814018134919
29432.467532467534,339.76084366588714,0.00089283882206
29449.35064935065,339.566061033692,0.000979043525865
29466.233766233767,339.3715016087091,0.00107329939004
29483.116883116883,339.1771650074883,0.00117633146478
29500.0,338.9830508474576,0.00128892751155
29516.883116883117,338.7891587469201,0.00141194318646
29533.766233766233,338.5954883250517,0.00154630763047
29550.64935064935,338.40203920189856,0.00169302949631
29567.53246753247,338.2088109983748,0.00185320344428
29584.415584415587,338.01580333625986,0.00202801714124
29601.298701298703,337.82301583819594,0.00221875879927
29618.18181818182,337.63044812768567,0.0024268252932
29635.064935064936,337.43809982908977,0.00265373089861
29651.948051948053,337.2459705676244,0.00290111669476
29668.83116883117,337.0540599693587,0.00317076067986
29685.714285714286,336.8623676612127,0.00346458864924
29702.597402597403,336.6708932709545,0.00378468589011
29719.48051948052,336.47963642719805,0.00413330975031
29736.363636363636,336.2885967594008,0.00451290314205
29753.246753246756,336.09777389786115,0.00492610904552
29770.129870129873,335.9071674737163,0.00537578608139
29787.01298701299,335.7167771189396,0.00586502522569
29803.896103896106,335.5266024663384,0.00639716774501
29820.779220779223,335.33664314955143,0.00697582443504
29837.66233766234,335.1468988030468,0.00760489625029
29854.545454545456,334.95736906211937,0.00828859641869
29871.428571428572,334.76805356288855,0.00903147414005
29888.31168831169,334.578951942296,0.00983843997364
29905.194805194806,334.3900638381031,0.0107147930265
29922.077922077922,334.2013888888889,0.0116662500607
29938.96103896104,334.01292673404765,0.0126989766442
29955.844155844155,333.8246770137865,0.0138196204796
29972.727272727272,333.63663936912343,0.0150353470486
29989.61038961039,333.4488134418846,0.0163538777231
30006.49350649351,333.2611988747024,0.0177835304992
30023.376623376626,333.07379531101304,0.0193332635191
30040.259740259742,332.88660239505424,0.0210127215587
30057.14285714286,332.6996197718631,0.0228322856639
30074.025974025975,332.5128470872738,0.0248031261333
30090.909090909092,332.3262839879154,0.026937259053
30107.79220779221,332.1399301212095,0.0292476066007
30124.675324675325,331.95378513536815,0.0317480613514
30141.55844155844,331.7678486793916,0.0344535548236
30158.44155844156,331.5821204030661,0.0373801305243
30175.324675324675,331.3965999569615,0.0405450217593
30192.207792207795,331.21128699242945,0.0439667344929
30209.09090909091,331.02618116160096,0.0476651355544
30225.97402597403,330.8412821173842,0.0516615465036
30242.857142857145,330.65658951346245,0.0559788434854
30259.74025974026,330.47210300429185,0.0606415634186
30276.623376623378,330.2878222450993,0.0656760168811
30293.506493506495,330.1037468918803,0.0711104080736
30310.38961038961,329.91987660139677,0.0769749622615
30327.272727272728,329.73621103117506,0.083302061112
30344.155844155845,329.5527498395035,0.0901263863688
30361.03896103896,329.36949268543077,0.0974850723217
30377.922077922078,329.1864392287632,0.105417867555
30394.805194805194,329.00358913006323,0.113967306476
30411.68831168831,328.820942050647,0.123178891157
30428.57142857143,328.63849765258215,0.13310128403
30445.454545454548,328.45625559868614,0.143786512031
30462.337662337664,328.27421555252386,0.155290182767
30479.22077922078,328.0923771784055,0.167671713362
30496.103896103898,327.91074014138485,0.180994572618
30512.987012987014,327.72930410725684,0.195326537183
30529.87012987013,327.5480687425557,0.210739962433
30546.753246753247,327.367033714553,0.227312068812
30563.636363636364,327.1861986912552,0.245125244405
30580.51948051948,327.0055633414023,0.264267364534
30597.402597402597,326.8251273344652,0.284832129229
30614.285714285714,326.64489034064394,0.306919419429
30631.168831168834,326.46485203086576,0.330635672814
30648.05194805195,326.2850120767829,0.35609428021
30664.935064935067,326.1053701507708,0.383416003526
30681.818181818184,325.9259259259259,0.412729416238
30698.7012987013,325.74667907606397,0.444171367453
30715.584415584417,325.5676292757177,0.477887470632
30732.467532467534,325.3887762001352,0.514032618086
30749.35064935065,325.21011952527766,0.552771522397
30766.233766233767,325.03165892781766,0.59427928596
30783.116883116883,324.8533940851369,0.638741999858
30800.0,324.6753246753247,0.686357373356
30816.883116883117,324.4974503771756,0.737335395306
30833.766233766233,324.3197708701879,0.791899028816
30850.649350649353,324.1422858345611,0.850284940561
30867.53246753247,323.96499495119485,0.91274426617
30884.415584415587,323.7878979016862,0.979543413137
30901.298701298703,323.61099436832814,1.05096490277
30918.18181818182,323.4342840341076,1.12730825273
30935.064935064936,323.2577665827036,1.20889090167
30951.948051948053,323.08144169848526,1.29604917773
30968.83116883117,322.9053090665101,1.38913931241
30985.714285714286,322.7293683725219,1.4885385015
31002.597402597403,322.5536193029491,1.59464601502
31019.48051948052,322.37806154490266,1.70788435754
31036.363636363636,322.20269478617456,1.82870048113
31053.246753246753,322.02751871523566,1.95756705234
31070.129870129873,321.85253302123385,2.09498377537
31087.01298701299,321.6777373939925,2.2414787732
31103.896103896106,321.5031315240083,2.39761002855
31120.779220779223,321.32871510244956,2.5639668867
31137.66233766234,321.1544878211545,2.74117162204
31154.545454545456,320.9804493726291,2.92988107044
31171.428571428572,320.80659945004584,3.13078832929
31188.31168831169,320.6329377472413,3.34462452736
31205.194805194806,320.4594639587148,3.57216066638
31222.077922077922,320.2861777796265,3.81420953652
31238.96103896104,320.1130789057953,4.07162770755
31255.844155844155,319.9401670336976,4.34531759804
31272.727272727272,319.7674418604651,4.63622962433
31289.610389610392,319.59490308388325,4.94536443144
31306.49350649351,319.42255040238945,5.27377520791
31323.376623376626,319.25038351507106,5.62257008653
31340.259740259742,319.07840212166417,5.99291463286
31357.14285714286,318.90660592255125,6.38603442359
31374.025974025975,318.7349946187598,6.80321771656
31390.909090909092,318.5635679119606,7.24581821423
31407.79220779221,318.39232550446576,7.71525792253
31424.675324675325,318.2212670992272,8.21303010673
31441.55844155844,318.0503923998348,8.740702346
31458.44155844156,317.8797011105148,9.29991968836
31475.324675324675,317.7091929361281,9.89240790745
31492.207792207795,317.5388675821683,10.5199768626
31509.09090909091,317.3687247547605,11.1845239634
31525.97402597403,317.1987641606591,11.8880377405
31542.857142857145,317.0289855072464,12.632601523
31559.74025974026,316.85938850253075,13.4203972237
31576.623376623378,316.6899728551452,14.253709234
31593.506493506495,316.5207382743454,15.1349284273
31610.38961038961,316.3516844700082,16.0665562731
31627.272727272728,316.18281115263005,17.0512090617
31644.155844155845,316.01411803332513,18.0916222391
31661.03896103896,315.8456048238238,19.1906548531
31677.922077922078,315.677271236471,20.3512941097
31694.805194805194,315.50911698422453,21.5766600399
31711.68831168831,315.34114178065363,22.8700102759
31728.57142857143,315.17334533993693,24.2347449358
31745.454545454548,315.0057273768614,25.6744116165
31762.337662337664,314.83828760682013,27.1927104922
31779.22077922078,314.67102574581116,28.7934995182
31796.103896103898,314.5039415104358,30.4807997365
31812.987012987014,314.3370346178968,32.2588006829
31829.87012987013,314.17030478599696,34.1318658911
31846.753246753247,314.00375173313756,36.1045384927
31863.636363636364,313.8373751783167,38.181546908
31880.51948051948,313.6711748411276,40.3678106262
31897.402597402597,313.5051504417573,42.6684460696
31914.285714285714,313.3393017009848,45.0887725371
31931.168831168834,313.17362834017973,47.6343182242
31948.05194805195,313.0081300813008,50.3108263125
31964.935064935067,312.8428066468939,53.1242611243
31981.818181818184,312.67765776009094,56.0808143354
31998.7012987013,312.5126831446081,59.1869112413
32015.584415584417,312.3478825247444,62.4492170678
32032.467532467534,312.18325562538007,65.8746433203
32049.35064935065,312.01880217197504,69.4703541638
32066.233766233767,311.8545218905674,73.2437728247
32083.116883116883,311.690414507772,77.2025880058
32100.0,311.52647975077883,81.3547603058
32116.883116883117,311.3627173473514,85.7085286329
32133.766233766233,311.1991270258255,90.2724166028
32150.649350649353,311.03570851510744,95.055238909
32167.53246753247,310.8724615446728,100.066107656
32184.415584415587,310.70938584456457,105.314438642
32201.298701298703,310.5464811453922,110.809957579
32218.18181818182,310.38374717832954,116.562706237
32235.064935064936,310.2211836751138,122.583048501
32251.948051948053,310.0587903680438,128.881676323
32268.83116883117,309.8965669899787,135.469615558
32285.714285714286,309.7345132743363,142.358231664
32302.597402597403,309.5726289550919,149.55923526
32319.48051948052,309.4109137667765,157.084687511
32336.363636363636,309.2493674444757,164.94700534
32353.246753246753,309.0879897238279,173.158966435
32370.129870129873,308.92678034102306,181.733714043
32387.01298701299,308.7657390328013,190.684761527
32403.896103896106,308.6048655364514,200.025996674
32420.779220779223,308.4441595898093,209.771685724
32437.66233766234,308.28362093125673,219.936477114
32454.545454545456,308.1232492997199,230.535404903
32471.428571428572,307.96304443466784,241.583891871
32488.31168831169,307.8030060761113,253.097752257
32505.194805194806,307.6431339646011,265.09319413
32522.077922077922,307.4834278412267,277.586821356
32538.96103896104,307.3238874476152,290.595635154
32555.844155844155,307.16451252592947,304.137035205
32572.727272727272,307.0053028188669,318.228820306
32589.610389610392,306.84625806965806,332.889188528
32606.49350649351,306.68737802206556,348.136736877
32623.376623376626,306.52866242038215,363.990460417
32640.259740259742,306.3701110094298,380.46975084
32657.14285714286,306.2117235345582,397.594394464
32674.025974025975,306.0534997416431,415.384569623
32690.909090909092,305.89543937708567,433.860843441
32707.79220779221,305.7375421878102,453.044167955
32724.675324675325,305.5798079212636,472.955875575
32741.55844155844,305.4222363254135,493.617673849
32758.44155844156,305.2648271487472,515.051639517
32775.32467532468,305.1075801402702,537.280211826
32792.207792207795,304.9504950495049,560.326185095
32809.09090909091,304.7935716264893,584.212700497
32825.97402597403,304.63680962177557,608.963237045
32842.857142857145,304.4802087864289,634.601601762
32859.74025974026,304.32376887202594,661.151919006
32876.62337662338,304.16748963065373,688.638618952
32893.506493506495,304.0113708149084,717.086425183
32910.38961038961,303.8554121778935,746.520341409
32927.27272727273,303.6996134732192,776.965637263
32944.155844155845,303.5439744550006,808.447833183
32961.03896103896,303.3884948778566,840.992684361
32977.92207792208,303.2331744969086,874.626163733
32994.805194805194,303.0780130677793,909.374444019
33011.68831168831,302.9230103465911,945.263878786
33028.57142857143,302.7681660899654,982.320982533
33045.454545454544,302.61348005502066,1020.57240979
33062.33766233766,302.45895199937155,1060.04493323
33079.22077922078,302.30458168112756,1100.76542075
33096.103896103894,302.15036885889185,1142.76081161
33112.98701298701,301.99631329175986,1186.05809153
33129.870129870134,301.84241473931786,1230.68426679
33146.75324675325,301.6886729616424,1276.66633731
33163.63636363637,301.5350877192982,1324.03126883
33180.519480519484,301.38165877333745,1372.80596397
33197.4025974026,301.22838588529845,1423.01723241
33214.28571428572,301.0752688172043,1474.69176009
33231.168831168834,300.9223073315616,1527.85607739
33248.05194805195,300.76950119135967,1582.53652644
33264.93506493507,300.6168501600687,1638.75922752
33281.818181818184,300.46435400163887,1696.55004448
33298.7012987013,300.3120124804992,1755.93454933
33315.58441558442,300.15982536155616,1816.93798601
33332.46753246753,300.00779241019245,1879.58523325
33349.35064935065,299.855913392266,1943.90076672
33366.23376623377,299.7041880741087,2009.90862031
33383.11688311688,299.5526162225248,2077.63234682
33400.0,299.4011976047904,2147.09497781
33416.88311688312,299.24993198865184,2218.31898291
33433.76623376623,299.09881914232443,2291.32622845
33450.64935064935,298.9478588344916,2366.13793555
33467.53246753247,298.7970508343035,2442.77463772
33484.41558441558,298.64639491137575,2521.25613791
33501.2987012987,298.4958908357885,2601.60146526
33518.181818181816,298.34553837808517,2683.82883139
33535.06493506493,298.19533730927117,2767.95558644
33551.94805194806,298.0452874008128,2853.99817487
33568.83116883117,297.8953884246363,2941.97209105
33585.71428571429,297.7456401531263,3031.89183479
33602.59740259741,297.59604235912497,3123.77086677
33619.48051948052,297.4465948159307,3217.62156404
33636.36363636364,297.2972972972973,3313.45517557
33653.246753246756,297.14814957743215,3411.28177805
33670.12987012987,296.9991514309959,3511.11023182
33687.01298701299,296.85030263310074,3612.94813725
33703.896103896106,296.70160295930947,3716.80179145
33720.77922077922,296.5530521856345,3822.67614549
33737.66233766234,296.4046500885364,3930.57476218
33754.545454545456,296.2563964449232,4040.49977453
33771.42857142857,296.1082910321489,4152.45184494
33788.31168831169,295.96033362801245,4266.43012518
33805.194805194806,295.8125240107568,4382.4322174
33822.07792207792,295.6648619590677,4500.454136
33838.96103896104,295.51734725207245,4620.4902707
33855.844155844155,295.36997966933905,4742.5333508
33872.72727272727,295.2227589908749,4866.57441063
33889.61038961039,295.0756849971259,4992.6027565
33906.493506493505,294.92875746897505,5120.60593499
33923.37662337662,294.7819761877417,5250.56970289
33940.25974025974,294.63534093518024,5382.47799873
33957.142857142855,294.4888514934792,5516.31291606
33974.02597402598,294.3425076452599,5652.05467858
33990.909090909096,294.1963091735758,5789.68161714
34007.79220779221,294.0502558619109,5929.17014881
34024.67532467533,293.90434749417915,6070.49475796
34041.558441558445,293.758583854723,6213.62797959
34058.44155844156,293.61296472831265,6358.54038489
34075.32467532468,293.4674899001448,6505.20056912
34092.207792207795,293.32215915584163,6653.57514193
34109.09090909091,293.1769722814499,6803.62872022
34125.97402597403,293.03192906343946,6955.32392349
34142.857142857145,292.88702928870293,7108.62137191
34159.74025974026,292.7422727445538,7263.47968702
34176.62337662338,292.5976592187262,7419.85549534
34193.506493506495,292.4531884993733,7577.70343465
34210.38961038961,292.30886037506644,7736.97616332
34227.27272727273,292.16467463479415,7897.62437251
34244.155844155845,292.0206310679612,8059.5968014
34261.03896103896,291.87672946438727,8222.84025545
34277.92207792208,291.7329696143063,8387.29962778
34294.805194805194,291.5893513083652,8552.91792365
34311.68831168831,291.445874337623,8719.63628816
34328.57142857143,291.3025384935497,8887.39403702
34345.454545454544,291.1593435680254,9056.12869067
34362.33766233766,291.0162893533391,9225.77601152
34379.22077922078,290.87337564218797,9396.27004446
34396.103896103894,290.73060222767606,9567.54316069
34412.98701298701,290.5879689033135,9739.52610464
34429.870129870134,290.4454754630153,9912.14804425
34446.75324675325,290.30312170110085,10085.3366245
34463.63636363637,290.16090741229226,10259.0180238
34480.519480519484,290.0188323917137,10433.1170145
34497.4025974026,289.8768964348906,10607.5570251
34514.28571428572,289.7350993377483,10782.2602068
34531.168831168834,289.59344089661136,10957.1475029
34548.05194805195,289.4519209082024,11132.1387206
34564.93506493507,289.3105391696412,11307.1526065
34581.818181818184,289.1692954784437,11482.1069243
34598.7012987013,289.0281896325213,11656.9185365
34615.58441558442,288.8872214301793,11831.5034873
34632.46753246753,288.7463906701166,12005.7770894
34649.35064935065,288.6056971514243,12179.654013
34666.23376623377,288.4651406735848,12353.0483769
34683.11688311688,288.3247210364712,12525.8738429
34700.0,288.1844380403458,12698.0437117
34716.88311688312,288.0442914858597,12869.4710211
34733.76623376623,287.9042811740512,13040.0686467
34750.64935064935,287.76440690634576,13209.7494039
34767.53246753247,287.6246684845542,13378.4261526
34784.41558441558,287.48506571087216,13546.0119023
34801.2987012987,287.34559838787925,13712.4199201
34818.181818181816,287.20626631853787,13877.5638391
34835.06493506493,287.0670693061925,14041.3577683
34851.94805194806,286.92800715456843,14203.7164039
34868.83116883117,286.7890796677716,14364.5551413
34885.71428571429,286.6502866502866,14523.7901874
34902.59740259741,286.5116279069767,14681.3386746
34919.48051948052,286.37310324308237,14837.1187738
34936.36363636364,286.23471246422065,14991.049809
34953.246753246756,286.09645537638403,15143.0523709
34970.12987012987,285.9583317859397,15293.048431
34987.01298701299,285.8203414996288,15440.9614554
35003.896103896106,285.68248432456494,15586.7165176
35020.77922077922,285.54476006823404,15730.2404112
35037.66233766234,285.4071685384929,15871.4617612
35054.545454545456,285.26970954356847,16010.3111351
35071.42857142857,285.132382892057,16146.7211516
35088.31168831169,284.99518839292324,16280.6265888
35105.194805194806,284.8581258554992,16411.9644904
35122.07792207792,284.7211950894838,16540.6742699
35138.96103896104,284.5843959049414,16666.6978133
35155.844155844155,284.44772811230143,16789.979579
35172.72727272727,284.3111915223572,16910.466696
35189.61038961039,284.17478594626516,17028.1090585
35206.493506493505,284.03851119554395,17142.8594191
35223.37662337662,283.9023670820736,17254.6734776
35240.25974025974,283.76635341809475,17363.5099679
35257.142857142855,283.6304700162075,17469.330741
35274.02597402598,283.49471668937076,17572.1008441
35290.909090909096,283.35909325090154,17671.7885973
35307.79220779221,283.2235995144738,17768.3656652
35324.67532467533,283.0882352941176,17861.8071251
35341.558441558445,282.9530004042185,17952.0915315
35358.44155844156,282.8178946595166,18039.2009751
35375.32467532468,282.68291787510555,18123.1211387
35392.207792207795,282.5480698664318,18203.8413476
35409.09090909091,282.41335044929394,18281.3546161
35425.97402597403,282.2787594398416,18355.657688
35442.857142857145,282.14429665457476,18426.7510736
35459.74025974026,282.0099619103428,18494.6390804
35476.62337662338,281.8757550243438,18559.3298396
35493.506493506495,281.74167581412365,18620.8353262
35510.38961038961,281.6077240975752,18679.1713754
35527.27272727273,281.47389969293755,18734.3576916
35544.155844155845,281.340202418795,18786.4178535
35561.03896103896,281.2066320940764,18835.3793131
35577.92207792208,281.0731885380544,18881.2733882
35594.805194805194,280.93987157034445,18924.1352511
35611.68831168831,280.8066810109041,18964.0039096
35628.57142857143,280.67361668003207,19000.9221834
35645.454545454544,280.5406783983678,19034.9366748
35662.33766233766,280.40786598689004,19066.0977328
35679.22077922078,280.2751792669166,19094.4594121
35696.103896103894,280.14261806010336,19120.0794265
35712.98701298701,280.01018218844325,19143.0190954
35729.870129870134,279.87787147426576,19163.3432861
35746.75324675325,279.7456857402361,19181.1203492
35763.63636363637,279.6136248093543,19196.4220492
35780.519480519484,279.48168850495443,19209.3234887
35797.4025974026,279.3498766507038,19219.9030278
35814.28571428572,279.2181890706023,19228.2421978
35831.168831168834,279.0866255889815,19234.4256093
35848.05194805195,278.9551860305039,19238.5408552
35864.93506493507,278.82387022016223,19240.678409
35881.818181818184,278.69267798327843,19240.931517
35898.7012987013,278.5616091455032,19239.3960865
35915.58441558442,278.430663532815,19236.170569
35932.46753246753,278.2998409715194,19231.3558383
35949.35064935065,278.1691412882482,19225.0550646
35966.23376623377,278.0385643099588,19217.3735841
35983.11688311688,277.9081098639333,19208.4187639
36000.0,277.77777777777777,19198.299864
36016.88311688312,277.6475678794216,19187.1278942
36033.76623376623,277.5174799971167,19175.0154681
36050.64935064935,277.3875139594366,19162.0766537
36067.53246753247,277.25766959527584,19148.4268201
36084.41558441558,277.1279467338492,19134.1824816
36101.2987012987,276.998345204691,19119.461139
36118.181818181816,276.8688648376542,19104.3811184
36135.06493506493,276.73950546290973,19089.0614068
36151.94805194806,276.6102669109458,19073.6214864
36168.83116883117,276.4811490125673,19058.1811669
36185.71428571429,276.3521515988946,19042.8604154
36202.59740259741,276.22327450136316,19027.7791857
36219.48051948052,276.0945175517229,19013.0572458
36236.36363636364,275.96588058203713,18998.8140046
36253.246753246756,275.83736342468205,18985.1683384
36270.12987012987,275.708965912346,18972.2384158
36287.01298701299,275.5806878780287,18960.141524
36303.896103896106,275.4525291550404,18948.9938935
36320.77922077922,275.32448957700143,18938.9105246
36337.66233766234,275.1965689778413,18930.0050135
36354.545454545456,275.0687671917979,18922.3893796
36371.42857142857,274.9410840534171,18916.1738943
36388.31168831169,274.81351939755166,18911.4669104
36405.194805194806,274.68607305936075,18908.374694
36422.07792207792,274.5587448743091,18907.0012576
36438.96103896104,274.43153467816666,18907.4481959
36455.844155844155,274.3044423070072,18909.8145239
36472.72727272727,274.17746759720836,18914.1965172
36489.61038961039,274.0506103854504,18920.6875561
36506.493506493505,273.92387050871577,18929.3779723
36523.37662337662,273.7972478042883,18940.3548993
36540.25974025974,273.67074210975267,18953.702126
36557.142857142855,273.54435326299335,18969.4999551
36574.02597402598,273.41808110219444,18987.8250648
36590.909090909096,273.29192546583846,19008.7503753
36607.79220779221,273.16588619270607,19032.34492
36624.67532467533,273.0399631218751,19058.6737211
36641.558441558445,272.9141560927199,19087.7976705
36658.44155844156,272.78846494491086,19119.7734161
36675.32467532468,272.6628895184136,19154.6532531
36692.207792207795,272.5374296534881,19192.4850212
36709.09090909091,272.41208519068846,19233.3120079
36725.97402597403,272.2868559708618,19277.1728566
36742.857142857145,272.1617418351477,19324.1014824
36759.74025974026,272.03674262497793,19374.1269933
36776.62337662338,271.911858182075,19427.2736177
36793.506493506495,271.78708834845224,19483.5606387
36810.38961038961,271.6624329664126,19543.0023357
36827.27272727273,271.5378918785485,19605.6079319
36844.155844155845,271.41346492774056,19671.3815489
36861.03896103896,271.28915195715746,19740.3221691
36877.92207792208,271.164952810255,19812.4236041
36894.805194805194,271.0408673307755,19887.6744715
36911.68831168831,270.9168953627472,19966.0581778
36928.57142857143,270.79303675048357,20047.5529093
36945.454545454544,270.6692913385827,20132.1316303
36962.33766233767,270.54565897192646,20219.7620889
36979.22077922078,270.42213949568026,20310.4068293
36996.1038961039,270.29873275529184,20404.0232129
37012.98701298701,270.17543859649123,20500.5634458
37029.870129870134,270.0522568652895,20599.974614
37046.753246753244,269.9291874079787,20702.1987263
37063.63636363637,269.8062300711307,20807.1727643
37080.519480519484,269.68338470159705,20914.8287397
37097.4025974026,269.56065114650795,21025.093759
37114.28571428572,269.43802925327174,21137.8900954
37131.168831168834,269.3155188695743,21253.1352677
37148.05194805195,269.19311984337855,21370.7421265
37164.93506493507,269.0708320229234,21490.6189468
37181.818181818184,268.9486552567237,21612.6695282
37198.7012987013,268.8265893935691,21736.7933009
37215.58441558442,268.7046342825237,21862.8854391
37232.46753246753,268.5827897729254,21990.8369802
37249.35064935065,268.46105571438534,22120.5349506
37266.23376623377,268.3394319567869,22251.8624973
37283.11688311688,268.21791835028563,22384.6990259
37300.0,268.0965147453083,22518.9203435
37316.88311688312,267.97522099255235,22654.3988081
37333.76623376623,267.8540369429854,22791.0034828
37350.64935064935,267.7329624478442,22928.6002949
37367.53246753247,267.6119973586348,23067.0522004
37384.41558441559,267.4911415271312,23206.2193527
37401.2987012987,267.3703948053752,23345.9592765
37418.18181818182,267.2497570456754,23486.1270443
37435.06493506493,267.1292281006071,23626.5754589
37451.94805194806,267.0088078230113,23767.1552379
37468.831168831166,266.8884960659943,23907.715202
37485.71428571429,266.7682926829268,24048.1024672
37502.5974025974,266.648197527444,24188.1626388
37519.48051948052,266.52821045344405,24327.7400083
37536.36363636364,266.4083313150884,24466.6777531
37553.246753246756,266.2885599668004,24604.8181373
37570.12987012987,266.1688962632652,24742.0027148
37587.01298701299,266.0493400594292,24878.0725336
37603.896103896106,265.929891210499,25012.868341
37620.77922077922,265.81054957194146,25146.2307901
37637.66233766234,265.6913149994824,25278.000646
37654.545454545456,265.5721873491067,25408.0189926
37671.42857142857,265.45316647705727,25536.1274396
37688.31168831169,265.3342522398346,25662.1683283
37705.194805194806,265.2154444941963,25785.9849373
37722.07792207792,265.0967430971562,25907.4216863
37738.96103896104,264.9781479059844,26026.3243398
37755.844155844155,264.8596587782058,26142.5402079
37772.72727272727,264.7412755716005,26255.9183459
37789.61038961039,264.62299814420237,26366.3097508
37806.49350649351,264.50482635429904,26473.5675567
37823.37662337662,264.38676006043124,26577.5472257
37840.259740259746,264.268799121392,26678.1067366
37857.142857142855,264.1509433962264,26775.10677
37874.02597402598,264.0331927442307,26868.4108899
37890.90909090909,263.91554702495205,26957.8857207
37907.79220779221,263.79800609818767,27043.4011208
37924.67532467532,263.6805698239847,27124.8303511
37941.558441558445,263.563238062639,27202.0502392
37958.44155844156,263.44601067469546,27274.9413383
37975.32467532468,263.3288875209466,27343.3880812
37992.207792207795,263.21186846243245,27407.2789289
38009.09090909091,263.09495336044006,27466.506513
38025.97402597403,262.9781420765027,27520.9677732
38042.857142857145,262.86143447239954,27570.5640883
38059.74025974026,262.7448304101549,27615.2014008
38076.62337662338,262.6283297520379,27654.7903354
38093.506493506495,262.51193236056184,27689.2463112
38110.38961038961,262.3956380984836,27718.4896464
38127.27272727273,262.27944682880303,27742.4456577
38144.155844155845,262.16335841476285,27761.0447509
38161.03896103896,262.04737271984754,27774.2225058
38177.92207792208,261.93148960778313,27781.9197535
38194.805194805194,261.81570894253656,27784.0826464
38211.68831168831,261.70003058831526,27780.6627211
38228.571428571435,261.5844544095665,27771.6169535
38245.454545454544,261.46898027097694,27756.907807
38262.33766233767,261.353608037472,27736.503273
38279.22077922078,261.23833757421545,27710.3769034
38296.1038961039,261.12316874660877,27678.5078367
38312.98701298701,261.00810142029087,27640.8808155
38329.870129870134,260.89313546113704,27597.486197
38346.753246753244,260.7782707352593,27548.319956
38363.63636363637,260.66350710900474,27493.3836804
38380.519480519484,260.54884444895606,27432.6845592
38397.4025974026,260.43428262193055,27366.2353635
38414.28571428572,260.3198214949795,27294.0544196
38431.168831168834,260.2054609353879,27216.1655757
38448.05194805195,260.09120081067385,27132.598161
38464.93506493507,259.977040988588,27043.386938
38481.818181818184,259.8629813371131,26948.5720478
38498.7012987013,259.7490217244636,26848.198949
38515.58441558442,259.6351620190849,26742.3183495
38532.46753246753,259.52140208965284,26630.9861325
38549.35064935065,259.4077418050736,26514.2632756
38566.23376623377,259.29418103448273,26392.2157642
38583.11688311688,259.1807196472449,26264.9144991
38600.0,259.0673575129534,26132.4351978
38616.88311688312,258.95409450142927,25994.8582905
38633.76623376623,258.84093048272155,25852.2688113
38650.64935064935,258.727865327106,25704.7562834
38667.53246753247,258.614898905085,25552.4146001
38684.41558441559,258.5020310873871,25395.3419005
38701.2987012987,258.38926174496646,25233.6404414
38718.18181818182,258.2765907490021,25067.4164644
38735.06493506493,258.1640179708979,24896.7800594
38751.94805194806,258.05154328228156,24721.8450244
38768.831168831166,257.9391665550047,24542.7287212
38785.71428571429,257.82688766114177,24359.5519289
38802.59740259741,257.71470647299014,24172.4386934
38819.48051948052,257.60262286306914,23981.5161748
38836.36363636364,257.4906367041198,23786.9144925
38853.246753246756,257.37874786910453,23588.7665673
38870.12987012987,257.2669562312061,23387.2079624
38887.01298701299,257.1552616638279,23182.3767223
38903.896103896106,257.04366404059283,22974.4132106
38920.77922077922,256.9321632353432,22763.4599461
38937.66233766234,256.8207591221399,22549.6614388
38954.545454545456,256.70945157526256,22333.1640247
38971.42857142857,256.5982404692082,22114.1157003
38988.31168831169,256.4871256786916,21892.6659574
39005.194805194806,256.3761070786442,21668.9656174
39022.07792207792,256.26518454421404,21443.1666669
39038.96103896104,256.15435795076513,21215.4220928
39055.844155844155,256.0436271738769,20985.8857192
39072.72727272727,255.93299208934388,20754.7120452
39089.61038961039,255.82245257317518,20522.0560836
39106.49350649351,255.712008501594,20288.0732019
39123.37662337662,255.60165975103735,20052.9189645
39140.259740259746,255.49140619815512,19816.7489771
39157.142857142855,255.3812477198103,19579.7187335
39174.02597402598,255.2711841930778,19341.9834646
39190.90909090909,255.16121549524473,19103.6979898
39207.79220779221,255.05134150380917,18865.0165717
39224.67532467532,254.9415620964805,18626.0927736
39241.558441558445,254.83187715117816,18387.0793196
39258.44155844156,254.72228654603194,18148.1279589
39275.32467532468,254.61279015938098,17909.3893328
39292.207792207795,254.50338786977358,17671.0128457
39309.09090909091,254.39407955596667,17433.1465397
39325.97402597403,254.28486509692544,17195.936973
39342.857142857145,254.1757443718228,16959.5291024
39359.74025974026,254.06671726003893,16724.0661698
39376.62337662338,253.95778364116094,16489.689593
39393.506493506495,253.84894339498234,16256.5388606
39410.38961038961,253.74019640150266,16024.7514312
39427.27272727273,253.63154254092692,15794.4626376
39444.155844155845,253.5229816936652,15565.8055947
39461.03896103896,253.4145137403324,15338.9111124
39477.92207792208,253.30613856174747,15113.9076132
39494.805194805194,253.19785603893328,14890.921054
39511.68831168831,253.08966605311596,14670.0748532
39528.571428571435,252.98156848572458,14451.4898214
39545.454545454544,252.8735632183908,14235.2840984
39562.33766233767,252.76565013294814,14021.5730932
39579.22077922078,252.65782911143197,13810.4694299
39596.1038961039,252.55010003607856,13602.0828977
39612.98701298701,252.4424627893253,13396.5204056
39629.870129870134,252.33491725380958,13193.8859421
39646.753246753244,252.227463312369,12994.2805387
39663.63636363637,252.12010084804032,12797.802239
39680.519480519484,252.01282974405967,12604.5460711
39697.4025974026,251.90564988386166,12414.6040254
39714.28571428572,251.79856115107913,12228.0650362
39731.168831168834,251.6915634295427,12045.014968
39748.05194805195,251.5846566032804,11865.5366052
39764.93506493507,251.47784055651718,11689.709647
39781.818181818184,251.37111517367458,11517.6107054
39798.7012987013,251.2644803393702,11349.3133079
39815.58441558442,251.15793593841738,11184.8879032
39832.46753246753,251.0514818558247,11024.401871
39849.35064935065,250.94511797679573,10867.9195361
39866.23376623377,250.83884418672835,10715.5021844
39883.11688311688,250.7326603712146,10567.208084
39900.0,250.6265664160401,10423.0925081
39916.88311688312,250.52056220718376,10283.207762
39933.76623376623,250.41464763081726,10147.6032127
39950.64935064935,250.30882257330472,10016.3253212
39967.53246753247,250.20308692120227,9889.41767804
39984.41558441559,250.0974405612576,9766.92104054
40001.2987012987,249.99188338040975,9648.87337347
40018.18181818182,249.88641526578826,9535.30989138
40035.06493506493,249.78103610471342,9426.26310324
40051.94805194806,249.67574578469518,9321.76285915
40068.831168831166,249.5705441934334,9221.83639883
40085.71428571429,249.4654312188168,9126.5084019
40102.59740259741,249.3604067489232,9035.80103965
40119.48051948052,249.25547067201862,8949.73402836
40136.36363636364,249.15062287655718,8868.32468375
40153.246753246756,249.04586325118052,8791.58797674
40170.12987012987,248.94119168471758,8719.53659
40187.01298701299,248.83660806618406,8652.18097557
40203.896103896106,248.7321122847821,8589.52941303
40220.77922077922,248.6277042298999,8531.5880683
40237.66233766234,248.52338379111126,8478.36105291
40254.545454545456,248.41915085817524,8429.85048347
40271.42857142857,248.3150053210358,8386.05654142
40288.31168831169,248.2109470698214,8346.97753275
40305.194805194806,248.10697599484453,8312.60994761
40322.07792207792,248.0030919866014,8282.94851976
40338.96103896104,247.89929493577154,8257.98628562
40355.844155844155,247.79558473321748,8237.7146429
40372.72727272727,247.69196126998423,8222.12340865
40389.61038961039,247.58842443729904,8211.20087663
40406.49350649351,247.48497412657085,8204.93387381
40423.37662337662,247.38161022939022,8203.30781611
40440.259740259746,247.27833263752848,8206.30676302
40457.142857142855,247.17514124293785,8213.91347118
40474.02597402598,247.07203593775066,8226.1094468
40490.90909090909,246.96901661427933,8242.87499672
40507.79220779221,246.8660831650155,8264.18927824
40524.67532467532,246.76323548263045,8290.03034742
40541.558441558445,246.6604734599737,8320.37520593
40558.44155844156,246.55779699007363,8355.19984631
40575.32467532468,246.4552059661364,8394.47929561
40592.207792207795,246.35270028154594,8438.18765738
40609.09090909091,246.25027982986342,8486.29815182
40625.97402597403,246.14794450482705,8538.78315425
40642.857142857145,246.04569420035148,8595.61423174
40659.74025974026,245.94352881052765,8656.76217778
40676.62337662338,245.8414482296223,8722.19704524
40693.506493506495,245.73945235207762,8791.88817722
40710.38961038961,245.6375410725109,8865.80423611
40727.27272727273,245.53571428571428,8943.91323066
40744.155844155845,245.43397188665412,9026.18254108
40761.03896103896,245.3323137704709,9112.57894222
40777.92207792208,245.23073983247875,9203.06862475
40794.805194805194,245.12924996816503,9297.61721449
40811.68831168831,245.02784407319015,9396.1897897
40828.571428571435,244.92652204338694,9498.75089659
40845.454545454544,244.82528377476075,9605.26456284
40862.33766233767,244.72412916348839,9715.69430937
40879.22077922078,244.62305810591863,9830.00316025
40896.1038961039,244.52207049857094,9948.15365086
40912.98701298701,244.42116623813607,10070.1078344
40929.870129870134,244.32034522147478,10195.8272865
40946.753246753244,244.21960734561833,10325.2731087
40963.63636363637,244.1189525077674,10458.4059298
40980.519480519484,244.01838060529232,10595.1859064
40997.4025974026,243.91789153573237,10735.5727214
41014.28571428572,243.81748519679553,10879.5255816
41031.168831168834,243.71716148635815,11027.003214
41048.05194805195,243.61692030246462,11177.9638608
41064.93506493507,243.516761543327,11332.3652738
41081.818181818184,243.4166851073246,11490.164707
41098.7012987013,243.31669089300385,11651.3189095
41115.58441558442,243.21677879907767,11815.7841166
41132.46753246753,243.11694872442536,11983.5160408
41149.35064935065,243.01720056809216,12154.4698623
41166.23376623377,242.91753422928892,12328.600219
41183.11688311688,242.81794960739177,12505.861196
41200.0,242.71844660194174,12686.2063154
41216.88311688312,242.61902511264455,12869.5885254
41233.76623376623,242.51968503937007,13055.9601904
41250.64935064936,242.42042628215216,13245.2730803
41267.53246753247,242.32124874118833,13437.478361
41284.41558441559,242.22215231683913,13632.5265847
41301.2987012987,242.12313690962833,13830.3676814
41318.18181818182,242.024202420242,14030.9509506
41335.06493506493,241.92534874952872,14234.2250543
41351.94805194806,241.82657579849877,14440.1380107
41368.831168831166,241.72788346832425,14648.6371892
41385.71428571429,241.62927166033825,14859.6693069
41402.59740259741,241.53074027603512,15073.1804259
41419.48051948052,241.43228921706955,15289.1159526
41436.36363636364,241.33391838525668,15507.4206387
41453.246753246756,241.2356276825715,15728.0385839
41470.12987012987,241.13741701114867,15950.9132401
41487.01298701299,241.0392862732822,16175.9874187
41503.896103896106,240.941235371425,16403.2032987
41520.77922077922,240.84326420818866,16632.5024384
41537.66233766234,240.74537268634316,16863.8257885
41554.545454545456,240.64756070881646,17097.1137084
41571.42857142857,240.54982817869416,17332.3059847
41588.31168831169,240.4521749992193,17569.3418524
41605.194805194806,240.35460107379197,17808.1600194
41622.07792207792,240.257106305969,18048.6986933
41638.96103896104,240.15969059946354,18290.8956114
41655.844155844155,240.06235385814497,18534.6880742
41672.72727272727,239.9650959860384,18780.0129813
41689.61038961039,239.86791688732438,19026.806871
41706.49350649351,239.77081646633863,19275.0059627
41723.37662337662,239.67379462757182,19524.5462037
41740.259740259746,239.57685127566893,19775.3633177
41757.142857142855,239.47998631542936,20027.392858
41774.02597402598,239.38319965180622,20280.5702637
41790.90909090909,239.28649118990649,20534.830919
41807.79220779221,239.18986083499004,20790.1102166
41824.67532467532,239.09330849247013,21046.3436237
41841.558441558445,238.99683406791232,21303.4667525
41858.44155844156,238.90043746703483,21561.4154327
41875.32467532468,238.8041185957077,21820.1257889
41892.207792207795,238.70787735995287,22079.5343199
41909.09090909091,238.6117136659436,22339.5779826
41925.97402597403,238.51562742000434,22600.1942778
41942.857142857145,238.41961852861033,22861.3213403
41959.74025974026,238.32368689838745,23122.8980314
41976.62337662338,238.2278324361116,23384.8640345
41993.506493506495,238.13205504870882,23647.1599537
42010.38961038961,238.0363546432546,23909.7274148
42027.27272727273,237.94073112697382,24172.5091696
42044.155844155845,237.84518440724037,24435.4492018
42061.03896103896,237.74971439157687,24698.4928361
42077.92207792208,237.65432098765433,24961.5868491
42094.805194805194,237.5590041032919,25224.6795817
42111.68831168831,237.46376364645656,25487.7210545
42128.571428571435,237.36859952526277,25750.6630841
42145.454545454544,237.27351164797238,26013.4594006
42162.33766233767,237.17849992299395,26276.0657672
42179.22077922078,237.08356425888294,26538.4401002
42196.1038961039,236.98870456434088,26800.5425901
42212.98701298701,236.8939207482156,27062.335823
42229.870129870134,236.79921271950053,27323.7849029
42246.753246753244,236.70458038733477,27584.8575734
42263.63636363637,236.61002366100234,27845.5243397
42280.519480519484,236.5155424499324,28105.75859
42297.4025974026,236.4211366636986,28365.5367163
42314.28571428572,236.32680621201888,28624.8382344
42331.168831168834,236.23255100475532,28883.6459019
42348.05194805195,236.13837095191363,29141.9458356
42364.93506493507,236.04426596364303,29399.7276267
42381.818181818184,235.95023595023594,29656.9844534
42398.7012987013,235.8562808221276,29913.713192
42415.58441558442,235.7624004898959,30169.9145243
42432.46753246753,235.668594864261,30425.5930428
42449.35064935065,235.57486385608516,30680.7573518
42466.23376623377,235.48120737637237,30935.4201658
42483.11688311688,235.38762533626803,31189.5984027
42500.0,235.2941176470588,31443.313274
42516.88311688312,235.2006842201723,31696.5903695
42533.76623376623,235.10732496717657,31949.4597376
42550.64935064936,235.01403979978022,32201.9559603
42567.53246753247,234.9208286298319,32454.1182229
42584.41558441559,234.8276913693199,32705.9903775
42601.2987012987,234.73462793037223,32957.621001
42618.18181818182,234.64163822525595,33209.0634466
42635.06493506493,234.5487221663773,33460.3758882
42651.94805194806,234.45587966628096,33711.6213586
42668.831168831166,234.3631106376503,33962.8677807
42685.71428571429,234.27041499330653,34214.1879901
42702.59740259741,234.17779264620904,34465.6597517
42719.48051948052,234.08524350945459,34717.3657672
42736.36363636364,233.99276749627737,34969.3936752
42753.246753246756,233.90036452004858,35221.8360425
42770.12987012987,233.80803449427626,35474.7903475
42787.01298701299,233.71577733260486,35728.3589545
42803.896103896106,233.62359294881517,35982.6490794
42820.77922077922,233.53148125682395,36237.7727461
42837.66233766234,233.43944217068363,36493.8467339
42854.545454545456,233.3474756045821,36750.9925161
42871.42857142857,233.25558147284238,37009.3361882
42888.31168831169,233.16375968992247,37269.0083877
42905.194805194806,233.07201017041498,37530.1442037
42922.07792207792,232.9803328290469,37792.8830768
42938.96103896104,232.8887275806793,38057.3686902
42955.844155844155,232.7971943403072,38323.7488498
42972.72727272727,232.70573302305903,38592.1753558
42989.61038961039,232.61434354419674,38862.803864
43006.49350649351,232.52302581911516,39135.7937377
43023.37662337662,232.4317797633422,39411.3078895
43040.259740259746,232.3406052925379,39689.5126145
43057.142857142855,232.24950232249503,39970.5774134
43074.02597402598,232.15847076913798,40254.6748062
43090.90909090909,232.06751054852322,40541.9801371
43107.79220779221,231.97662157683845,40832.6713701
43124.67532467533,231.88580377040293,41126.9288759
43141.558441558445,231.79505704566662,41424.93521
43158.44155844156,231.70438131921037,41726.8748823
43175.32467532468,231.6137765077455,42032.9341184
43192.207792207795,231.5232425281135,42343.3006131
43209.09090909091,231.43277929728592,42658.1632762
43225.97402597403,231.34238673236388,42977.7119703
43242.857142857145,231.2520647505781,43302.1372423
43259.74025974026,231.1618132692885,43631.6300474
43276.62337662338,231.07163220598386,43966.381467
43293.506493506495,230.98152147828173,44306.5824203
43310.38961038961,230.89148100392813,44652.42337
43327.27272727273,230.8015107007973,45004.0940234
43344.155844155845,230.71161048689137,45361.7830276
43361.03896103896,230.62178028034023,45725.6776605
43377.92207792208,230.53201999940123,46095.9635182
43394.805194805194,230.44232956245887,46472.8241983
43411.68831168831,230.35270888802467,46856.4409797
43428.571428571435,230.26315789473682,47246.9925008
43445.454545454544,230.17367650136012,47644.6544343
43462.33766233767,230.08426462678537,48049.599161
43479.22077922078,229.99492219002957,48461.9954422
43496.1038961039,229.90564911023526,48882.0080916
43512.98701298701,229.81644530667066,49309.7976466
43529.870129870134,229.727310698729,49745.5200408
43546.753246753244,229.63824520592885,50189.3262762
43563.63636363637,229.54924874791317,50641.3620983
43580.519480519484,229.46032124444972,51101.7676718
43597.4025974026,229.37146261543043,51570.6772602
43614.28571428572,229.28267278087125,52048.2189075
43631.168831168834,229.193951660912,52534.5141239
43648.05194805195,229.105299175816,53029.6775762
43664.93506493507,229.0167152459699,53533.816782
43681.818181818184,228.92819979188346,54047.0318105
43698.7012987013,228.83975273418923,54569.4149877
43715.58441558442,228.7513739936425,55101.0506097
43732.46753246753,228.66306349112074,55642.0146613
43749.35064935065,228.5748211476237,56192.3745435
43766.23376623377,228.486646884273,56752.1888084
43783.11688311688,228.39854062231186,57321.5069022
43800.0,228.31050228310502,57900.3689185
43816.88311688312,228.22253178813835,58488.8053598
43833.76623376623,228.13462905901872,59086.83691
43850.64935064936,228.04679401747367,59694.4742172
43867.53246753247,227.9590265853514,60311.717687
43884.41558441559,227.87132668462013,60938.557288
43901.2987012987,227.78369423736837,61574.9723683
43918.18181818182,227.69612916580417,62220.9314854
43935.06493506493,227.6086313922554,62876.3922474
43951.94805194806,227.52120083916907,63541.3011687
43968.831168831166,227.43383742911155,64215.5935377
43985.71428571429,227.34654108476775,64899.1932996
44002.59740259741,227.2593117289416,65592.0129519
44019.48051948052,227.17214928455522,66293.953456
44036.36363636364,227.08505367464903,67004.9041615
44053.246753246756,226.9980248223814,67724.7427473
44070.12987012987,226.91106265102846,68453.3351763
44087.01298701299,226.82416708398384,69190.5356667
44103.896103896106,226.73733804475853,69936.1866778
44120.77922077922,226.65057545698053,70690.1189127
44137.66233766234,226.56387924439474,71452.1513358
44154.545454545456,226.47724933086266,72222.0912067
44171.42857142857,226.39068564036222,72999.7341306
44188.31168831169,226.3041880969875,73784.8641241
44205.194805194806,226.21775662494858,74577.2536976
44222.07792207792,226.13139114857125,75376.6639541
44238.96103896104,226.04509159229684,76182.8447034
44255.844155844155,225.958857880682,76995.5345936
44272.72727272727,225.87268993839837,77814.4612577
44289.61038961039,225.78658769023252,78639.3414767
44306.49350649351,225.7005510610857,79469.8813581
44323.37662337662,225.61457997597353,80305.7765311
44340.259740259746,225.52867436002575,81146.7123562
44357.142857142855,225.44283413848632,81992.3641511
44374.02597402598,225.3570592367127,82842.3974311
44390.90909090909,225.27134958017612,83696.4681649
44407.79220779221,225.18570509446099,84554.223045
44424.67532467533,225.100125705265,85415.2997719
44441.558441558445,225.01461133839857,86279.3273532
44458.44155844156,224.92916191978497,87145.9264157
44475.32467532468,224.8437773754599,88014.7095315
44492.207792207795,224.75845763157125,88885.2815562
44509.09090909091,224.67320261437908,89757.2399804
44525.97402597403,224.5880122502552,90630.1752934
44542.857142857145,224.50288646568313,91503.6713577
44559.74025974026,224.41782518725773,92377.3057957
44576.62337662338,224.33282834168511,93250.6503867
44593.506493506495,224.2478958557824,94123.2714742
44610.38961038961,224.16302765647742,94994.7303828
44627.27272727273,224.0782236708087,95864.5838445
44644.155844155845,223.99348382592507,96732.3844335
44661.03896103896,223.90880804908545,97597.6810093
44677.92207792208,223.82419626765886,98460.0191667
44694.805194805194,223.73964840912393,99318.9416935
44711.68831168831,223.6551644010689,100173.989034
44728.571428571435,223.57074417119128,101024.699758
44745.454545454544,223.48638764729785,101870.611036
44762.33766233767,223.40209475730407,102711.259116
44779.22077922078,223.31786542923436,103546.179809
44796.1038961039,223.23369959122138,104374.908972
44812.98701298701,223.14959717150643,105196.982997
44829.870129870134,223.06555809843852,106011.939303
44846.753246753244,222.98158230047494,106819.316824
44863.63636363637,222.89766970618032,107618.656502
44880.519480519484,222.8138202442271,108409.501778
44897.4025974026,222.73003384339472,109191.399084
44914.28571428572,222.64631043256995,109963.898331
44931.168831168834,222.5626499407463,110726.553397
44948.05194805195,222.47905229702397,111478.922608
44964.93506493507,222.3955174306097,112220.569222
44981.818181818184,222.31204527081647,112951.061906
44998.7012987013,222.2286357470634,113669.975203
45015.58441558442,222.1452887888754,114376.890003
45032.46753246753,222.0620043258832,115071.394
45049.35064935065,221.97878228782287,115753.082148
45066.23376623377,221.8956226045359,116421.557104
45083.11688311688,221.81252520596877,117076.429669
45100.0,221.72949002217294,117717.319216
45116.88311688312,221.64651698330454,118343.854111
45133.76623376623,221.56360601962422,118955.672122
45150.64935064936,221.48075706149683,119552.420823
45167.53246753247,221.3979700393916,120133.75798
45184.41558441559,221.31524488388132,120699.351933
45201.2987012987,221.23258152564287,121248.881958
45218.18181818182,221.14997989545634,121782.038626
45235.06493506493,221.06743992420547,122298.524143
45251.94805194806,220.9849615428768,122798.052673
45268.831168831166,220.90254468256018,123280.350662
45285.71428571429,220.82018927444793,123745.15713
45302.59740259741,220.73789524983513,124192.223961
45319.48051948052,220.65566254011918,124621.316172
45336.36363636364,220.57349107679966,125032.21217
45353.246753246756,220.49138079147815,125424.703992
45370.129870129866,220.40933161585804,125798.597527
45387.01298701299,220.3273434817443,126153.712728
45403.896103896106,220.24541632104345,126489.883798
45420.77922077922,220.16355006576313,126806.959371
45437.66233766234,220.08174464801212,127104.802665
